<?xml version="1.0" encoding="UTF-8"?>
<metadata xml:lang="id"><Esri><CreaDate>20180523</CreaDate><CreaTime>13564500</CreaTime><ArcGISFormat>1.0</ArcGISFormat><SyncOnce>FALSE</SyncOnce><DataProperties><itemProps><itemName Sync="TRUE">GUNTUR</itemName><imsContentType Sync="TRUE">002</imsContentType><itemSize Sync="TRUE">0.000</itemSize><itemLocation><linkage Sync="TRUE">file://\\DESKTOP-7JI65JU\C$\ARDY\PVMBG_100TH\IGT58_KAWASANRAWANBENCANAGUNUNGAPI\IGT58_KRB_GUNUNGAPI_PART\SBA\GUNTUR.shp</linkage><protocol Sync="TRUE">Local Area Network</protocol></itemLocation></itemProps><coordRef><type Sync="TRUE">Geographic</type><geogcsn Sync="TRUE">GCS_WGS_1984</geogcsn><csUnits Sync="TRUE">Angular Unit: Degree (0.017453)</csUnits><peXml Sync="TRUE">&lt;GeographicCoordinateSystem xsi:type='typens:GeographicCoordinateSystem' xmlns:xsi='http://www.w3.org/2001/XMLSchema-instance' xmlns:xs='http://www.w3.org/2001/XMLSchema' xmlns:typens='http://www.esri.com/schemas/ArcGIS/10.6'&gt;&lt;WKT&gt;GEOGCS[&amp;quot;GCS_WGS_1984&amp;quot;,DATUM[&amp;quot;D_WGS_1984&amp;quot;,SPHEROID[&amp;quot;WGS_1984&amp;quot;,6378137.0,298.257223563]],PRIMEM[&amp;quot;Greenwich&amp;quot;,0.0],UNIT[&amp;quot;Degree&amp;quot;,0.0174532925199433],AUTHORITY[&amp;quot;EPSG&amp;quot;,4326]]&lt;/WKT&gt;&lt;XOrigin&gt;-400&lt;/XOrigin&gt;&lt;YOrigin&gt;-400&lt;/YOrigin&gt;&lt;XYScale&gt;11258999068426.238&lt;/XYScale&gt;&lt;ZOrigin&gt;-100000&lt;/ZOrigin&gt;&lt;ZScale&gt;10000&lt;/ZScale&gt;&lt;MOrigin&gt;-100000&lt;/MOrigin&gt;&lt;MScale&gt;10000&lt;/MScale&gt;&lt;XYTolerance&gt;8.983152841195215e-09&lt;/XYTolerance&gt;&lt;ZTolerance&gt;0.001&lt;/ZTolerance&gt;&lt;MTolerance&gt;0.001&lt;/MTolerance&gt;&lt;HighPrecision&gt;true&lt;/HighPrecision&gt;&lt;LeftLongitude&gt;-180&lt;/LeftLongitude&gt;&lt;WKID&gt;4326&lt;/WKID&gt;&lt;LatestWKID&gt;4326&lt;/LatestWKID&gt;&lt;/GeographicCoordinateSystem&gt;</peXml></coordRef><lineage><Process ToolSource="c:\program files (x86)\arcgis\desktop10.1\ArcToolbox\Toolboxes\Data Management Tools.tbx\Merge" Date="20180502" Time="115522">Merge LETUSANGUNUNGAPI_AR_50K;LETUSANGUNUNGAPI_MALUKU_AR_50K;LETUSANGUNUNGAPI_JAWA_AR_50K E:\KSP\2018\LETUSANGUNUNGAPI_INDONESIA_50K\LETUSANGUNUNGAPI_INDONESIA_AR_50K.shp "OBJECTID "OBJECTID" true true false 9 Long 0 9 ,First,#,LETUSANGUNUNGAPI_AR_50K,OBJECTID,-1,-1,LETUSANGUNUNGAPI_MALUKU_AR_50K,OBJECTID,-1,-1,LETUSANGUNUNGAPI_JAWA_AR_50K,OBJECTID,-1,-1;NAMOBJ "NAMOBJ" true true false 50 Text 0 0 ,First,#,LETUSANGUNUNGAPI_AR_50K,NAMOBJ,-1,-1,LETUSANGUNUNGAPI_MALUKU_AR_50K,NAMOBJ,-1,-1,LETUSANGUNUNGAPI_JAWA_AR_50K,NAMOBJ,-1,-1;TIM "TIM" true true false 8 Date 0 0 ,First,#,LETUSANGUNUNGAPI_AR_50K,TIM,-1,-1,LETUSANGUNUNGAPI_MALUKU_AR_50K,TIM,-1,-1,LETUSANGUNUNGAPI_JAWA_AR_50K,TIM,-1,-1;DUR "DUR" true true false 4 Short 0 4 ,First,#,LETUSANGUNUNGAPI_AR_50K,DUR,-1,-1,LETUSANGUNUNGAPI_MALUKU_AR_50K,DUR,-1,-1,LETUSANGUNUNGAPI_JAWA_AR_50K,DUR,-1,-1;LAT "LAT" true true false 19 Double 0 0 ,First,#,LETUSANGUNUNGAPI_AR_50K,LAT,-1,-1,LETUSANGUNUNGAPI_MALUKU_AR_50K,LAT,-1,-1,LETUSANGUNUNGAPI_JAWA_AR_50K,LAT,-1,-1;LON "LON" true true false 19 Double 0 0 ,First,#,LETUSANGUNUNGAPI_AR_50K,LON,-1,-1,LETUSANGUNUNGAPI_MALUKU_AR_50K,LON,-1,-1,LETUSANGUNUNGAPI_JAWA_AR_50K,LON,-1,-1;CLA "CLA" true true false 9 Long 0 9 ,First,#,LETUSANGUNUNGAPI_AR_50K,CLA,-1,-1,LETUSANGUNUNGAPI_MALUKU_AR_50K,CLA,-1,-1,LETUSANGUNUNGAPI_JAWA_AR_50K,CLA,-1,-1;MOUN "MOUN" true true false 9 Long 0 9 ,First,#,LETUSANGUNUNGAPI_AR_50K,MOUN,-1,-1,LETUSANGUNUNGAPI_MALUKU_AR_50K,MOUN,-1,-1,LETUSANGUNUNGAPI_JAWA_AR_50K,MOUN,-1,-1;ERU "ERU" true true false 9 Long 0 9 ,First,#,LETUSANGUNUNGAPI_AR_50K,ERU,-1,-1,LETUSANGUNUNGAPI_MALUKU_AR_50K,ERU,-1,-1,LETUSANGUNUNGAPI_JAWA_AR_50K,ERU,-1,-1;LAV "LAV" true true false 9 Long 0 9 ,First,#,LETUSANGUNUNGAPI_AR_50K,LAV,-1,-1,LETUSANGUNUNGAPI_MALUKU_AR_50K,LAV,-1,-1,LETUSANGUNUNGAPI_JAWA_AR_50K,LAV,-1,-1;TEKGAS "TEKGAS" true true false 9 Long 0 9 ,First,#,LETUSANGUNUNGAPI_AR_50K,TEKGAS,-1,-1,LETUSANGUNUNGAPI_MALUKU_AR_50K,TEKGAS,-1,-1,LETUSANGUNUNGAPI_JAWA_AR_50K,TEKGAS,-1,-1;MAG "MAG" true true false 9 Long 0 9 ,First,#,LETUSANGUNUNGAPI_AR_50K,MAG,-1,-1,LETUSANGUNUNGAPI_MALUKU_AR_50K,MAG,-1,-1,LETUSANGUNUNGAPI_JAWA_AR_50K,MAG,-1,-1;VEI "VEI" true true false 9 Long 0 9 ,First,#,LETUSANGUNUNGAPI_AR_50K,VEI,-1,-1,LETUSANGUNUNGAPI_MALUKU_AR_50K,VEI,-1,-1,LETUSANGUNUNGAPI_JAWA_AR_50K,VEI,-1,-1;VICTIM "VICTIM" true true false 9 Long 0 9 ,First,#,LETUSANGUNUNGAPI_AR_50K,VICTIM,-1,-1,LETUSANGUNUNGAPI_MALUKU_AR_50K,VICTIM,-1,-1,LETUSANGUNUNGAPI_JAWA_AR_50K,VICTIM,-1,-1;INDGA "INDGA" true true false 9 Long 0 9 ,First,#,LETUSANGUNUNGAPI_AR_50K,INDGA,-1,-1,LETUSANGUNUNGAPI_MALUKU_AR_50K,INDGA,-1,-1,LETUSANGUNUNGAPI_JAWA_AR_50K,INDGA,-1,-1;FCODE "FCODE" true true false 50 Text 0 0 ,First,#,LETUSANGUNUNGAPI_AR_50K,FCODE,-1,-1,LETUSANGUNUNGAPI_MALUKU_AR_50K,FCODE,-1,-1,LETUSANGUNUNGAPI_JAWA_AR_50K,FCODE,-1,-1;LCODE "LCODE" true true false 50 Text 0 0 ,First,#,LETUSANGUNUNGAPI_AR_50K,LCODE,-1,-1,LETUSANGUNUNGAPI_MALUKU_AR_50K,LCODE,-1,-1,LETUSANGUNUNGAPI_JAWA_AR_50K,LCODE,-1,-1;METADATA "METADATA" true true false 50 Text 0 0 ,First,#,LETUSANGUNUNGAPI_AR_50K,METADATA,-1,-1,LETUSANGUNUNGAPI_MALUKU_AR_50K,METADATA,-1,-1,LETUSANGUNUNGAPI_JAWA_AR_50K,METADATA,-1,-1;VEEA "VEEA" true true false 19 Double 0 0 ,First,#,LETUSANGUNUNGAPI_AR_50K,VEEA,-1,-1,LETUSANGUNUNGAPI_MALUKU_AR_50K,VEEA,-1,-1,LETUSANGUNUNGAPI_JAWA_AR_50K,VEEA,-1,-1;SHAPE_Leng "SHAPE_Leng" true true false 19 Double 0 0 ,First,#,LETUSANGUNUNGAPI_AR_50K,SHAPE_Leng,-1,-1,LETUSANGUNUNGAPI_MALUKU_AR_50K,SHAPE_Leng,-1,-1,LETUSANGUNUNGAPI_JAWA_AR_50K,SHAPE_Leng,-1,-1;SHAPE_Area "SHAPE_Area" true true false 19 Double 0 0 ,First,#,LETUSANGUNUNGAPI_AR_50K,SHAPE_Area,-1,-1,LETUSANGUNUNGAPI_MALUKU_AR_50K,SHAPE_Area,-1,-1,LETUSANGUNUNGAPI_JAWA_AR_50K,SHAPE_Area,-1,-1;MATGA "MATGA" true true false 9 Long 0 9 ,First,#,LETUSANGUNUNGAPI_AR_50K,MATGA,-1,-1,LETUSANGUNUNGAPI_MALUKU_AR_50K,MATGA,-1,-1,LETUSANGUNUNGAPI_JAWA_AR_50K,MATGA,-1,-1;REMARK "REMARK" true true false 254 Text 0 0 ,First,#,LETUSANGUNUNGAPI_AR_50K,REMARK,-1,-1,LETUSANGUNUNGAPI_MALUKU_AR_50K,REMARK,-1,-1,LETUSANGUNUNGAPI_JAWA_AR_50K,REMARK,-1,-1;THTERBIT "THTERBIT" true true false 9 Long 0 9 ,First,#,LETUSANGUNUNGAPI_AR_50K,THTERBIT,-1,-1,LETUSANGUNUNGAPI_MALUKU_AR_50K,THTERBIT,-1,-1,LETUSANGUNUNGAPI_JAWA_AR_50K,THTERBIT,-1,-1"</Process><Process ToolSource="c:\program files (x86)\arcgis\desktop10.1\ArcToolbox\Toolboxes\Data Management Tools.tbx\CalculateField" Date="20180502" Time="162855">CalculateField LETUSANGUNUNGAPI_INDONESIA_AR_50K OBJECTID +1 VB #</Process><Process ToolSource="c:\program files (x86)\arcgis\desktop10.1\ArcToolbox\Toolboxes\Data Management Tools.tbx\CalculateField" Date="20180502" Time="163002">CalculateField LETUSANGUNUNGAPI_INDONESIA_AR_50K OBJECTID "[OBJECTID] + 1" VB #</Process><Process ToolSource="c:\program files (x86)\arcgis\desktop10.1\ArcToolbox\Toolboxes\Data Management Tools.tbx\CalculateField" Date="20180502" Time="164634">CalculateField LETUSANGUNUNGAPI_INDONESIA_AR_50K OBJECTID autoIncrement() PYTHON_9.3 "rec=0\ndef autoIncrement():\n global rec\n pStart = 1 #adjust start value, if req'd \n pInterval = 1 #adjust interval value, if req'd\n if (rec == 0): \n  rec = pStart \n else: \n  rec = rec + pInterval \n return rec\n"</Process><Process ToolSource="c:\program files (x86)\arcgis\desktop10.1\ArcToolbox\Toolboxes\Data Management Tools.tbx\CalculateField" Date="20180502" Time="164755">CalculateField LETUSANGUNUNGAPI_INDONESIA_AR_50K OBJECTID autoIncrement() PYTHON_9.3 "rec=0\ndef autoIncrement():\n global rec\n pStart = 1 #adjust start value, if req'd \n pInterval = 1 #adjust interval value, if req'd\n if (rec == 0): \n  rec = pStart \n else: \n  rec = rec + pInterval \n return rec\n"</Process><Process ToolSource="c:\program files (x86)\arcgis\desktop10.1\ArcToolbox\Toolboxes\Data Management Tools.tbx\CalculateField" Date="20180503" Time="173302">CalculateField LETUSANGUNUNGAPI_INDONESIA_AR_50K FCODE "MB03050240" VB #</Process><Process ToolSource="c:\program files (x86)\arcgis\desktop10.1\ArcToolbox\Toolboxes\Data Management Tools.tbx\CalculateField" Date="20180503" Time="173402">CalculateField LETUSANGUNUNGAPI_INDONESIA_AR_50K FCODE "MB03050240" VB #</Process><Process ToolSource="c:\program files (x86)\arcgis\desktop10.1\ArcToolbox\Toolboxes\Conversion Tools.tbx\FeatureClassToFeatureClass" Date="20180504" Time="094108">FeatureClassToFeatureClass E:\KSP\2018\LETUSANGUNUNGAPI_INDONESIA_50K\LETUSANGUNUNGAPI_INDONESIA_AR_50K.shp E:\KSP\2018\LETUSANGUNUNGAPI_INDONESIA_50K\PVMBG.gdb\KEBENCANAAN LETUSANGUNUNGAPI_AR_50K # "OBJECTID "OBJECTID" true true false 9 Long 0 9 ,First,#,E:\KSP\2018\LETUSANGUNUNGAPI_INDONESIA_50K\LETUSANGUNUNGAPI_INDONESIA_AR_50K.shp,OBJECTID,-1,-1;NAMOBJ "NAMOBJ" true true false 50 Text 0 0 ,First,#,E:\KSP\2018\LETUSANGUNUNGAPI_INDONESIA_50K\LETUSANGUNUNGAPI_INDONESIA_AR_50K.shp,NAMOBJ,-1,-1;TIM "TIM" true true false 8 Date 0 0 ,First,#,E:\KSP\2018\LETUSANGUNUNGAPI_INDONESIA_50K\LETUSANGUNUNGAPI_INDONESIA_AR_50K.shp,TIM,-1,-1;DUR "DUR" true true false 4 Short 0 4 ,First,#,E:\KSP\2018\LETUSANGUNUNGAPI_INDONESIA_50K\LETUSANGUNUNGAPI_INDONESIA_AR_50K.shp,DUR,-1,-1;LAT "LAT" true true false 19 Double 0 0 ,First,#,E:\KSP\2018\LETUSANGUNUNGAPI_INDONESIA_50K\LETUSANGUNUNGAPI_INDONESIA_AR_50K.shp,LAT,-1,-1;LON "LON" true true false 19 Double 0 0 ,First,#,E:\KSP\2018\LETUSANGUNUNGAPI_INDONESIA_50K\LETUSANGUNUNGAPI_INDONESIA_AR_50K.shp,LON,-1,-1;CLA "CLA" true true false 9 Long 0 9 ,First,#,E:\KSP\2018\LETUSANGUNUNGAPI_INDONESIA_50K\LETUSANGUNUNGAPI_INDONESIA_AR_50K.shp,CLA,-1,-1;MOUN "MOUN" true true false 9 Long 0 9 ,First,#,E:\KSP\2018\LETUSANGUNUNGAPI_INDONESIA_50K\LETUSANGUNUNGAPI_INDONESIA_AR_50K.shp,MOUN,-1,-1;ERU "ERU" true true false 9 Long 0 9 ,First,#,E:\KSP\2018\LETUSANGUNUNGAPI_INDONESIA_50K\LETUSANGUNUNGAPI_INDONESIA_AR_50K.shp,ERU,-1,-1;LAV "LAV" true true false 9 Long 0 9 ,First,#,E:\KSP\2018\LETUSANGUNUNGAPI_INDONESIA_50K\LETUSANGUNUNGAPI_INDONESIA_AR_50K.shp,LAV,-1,-1;TEKGAS "TEKGAS" true true false 9 Long 0 9 ,First,#,E:\KSP\2018\LETUSANGUNUNGAPI_INDONESIA_50K\LETUSANGUNUNGAPI_INDONESIA_AR_50K.shp,TEKGAS,-1,-1;MAG "MAG" true true false 9 Long 0 9 ,First,#,E:\KSP\2018\LETUSANGUNUNGAPI_INDONESIA_50K\LETUSANGUNUNGAPI_INDONESIA_AR_50K.shp,MAG,-1,-1;VEI "VEI" true true false 9 Long 0 9 ,First,#,E:\KSP\2018\LETUSANGUNUNGAPI_INDONESIA_50K\LETUSANGUNUNGAPI_INDONESIA_AR_50K.shp,VEI,-1,-1;VICTIM "VICTIM" true true false 9 Long 0 9 ,First,#,E:\KSP\2018\LETUSANGUNUNGAPI_INDONESIA_50K\LETUSANGUNUNGAPI_INDONESIA_AR_50K.shp,VICTIM,-1,-1;INDGA "INDGA" true true false 9 Long 0 9 ,First,#,E:\KSP\2018\LETUSANGUNUNGAPI_INDONESIA_50K\LETUSANGUNUNGAPI_INDONESIA_AR_50K.shp,INDGA,-1,-1;FCODE "FCODE" true true false 50 Text 0 0 ,First,#,E:\KSP\2018\LETUSANGUNUNGAPI_INDONESIA_50K\LETUSANGUNUNGAPI_INDONESIA_AR_50K.shp,FCODE,-1,-1;LCODE "LCODE" true true false 50 Text 0 0 ,First,#,E:\KSP\2018\LETUSANGUNUNGAPI_INDONESIA_50K\LETUSANGUNUNGAPI_INDONESIA_AR_50K.shp,LCODE,-1,-1;METADATA "METADATA" true true false 50 Text 0 0 ,First,#,E:\KSP\2018\LETUSANGUNUNGAPI_INDONESIA_50K\LETUSANGUNUNGAPI_INDONESIA_AR_50K.shp,METADATA,-1,-1;VEEA "VEEA" true true false 19 Double 0 0 ,First,#,E:\KSP\2018\LETUSANGUNUNGAPI_INDONESIA_50K\LETUSANGUNUNGAPI_INDONESIA_AR_50K.shp,VEEA,-1,-1;SHAPE_Leng "SHAPE_Leng" true true false 19 Double 0 0 ,First,#,E:\KSP\2018\LETUSANGUNUNGAPI_INDONESIA_50K\LETUSANGUNUNGAPI_INDONESIA_AR_50K.shp,SHAPE_Leng,-1,-1;SHAPE_Area "SHAPE_Area" true true false 19 Double 0 0 ,First,#,E:\KSP\2018\LETUSANGUNUNGAPI_INDONESIA_50K\LETUSANGUNUNGAPI_INDONESIA_AR_50K.shp,SHAPE_Area,-1,-1;MATGA "MATGA" true true false 9 Long 0 9 ,First,#,E:\KSP\2018\LETUSANGUNUNGAPI_INDONESIA_50K\LETUSANGUNUNGAPI_INDONESIA_AR_50K.shp,MATGA,-1,-1;REMARK "REMARK" true true false 254 Text 0 0 ,First,#,E:\KSP\2018\LETUSANGUNUNGAPI_INDONESIA_50K\LETUSANGUNUNGAPI_INDONESIA_AR_50K.shp,REMARK,-1,-1;THTERBIT "THTERBIT" true true false 9 Long 0 9 ,First,#,E:\KSP\2018\LETUSANGUNUNGAPI_INDONESIA_50K\LETUSANGUNUNGAPI_INDONESIA_AR_50K.shp,THTERBIT,-1,-1" #</Process><Process ToolSource="c:\program files (x86)\arcgis\desktop10.1\ArcToolbox\Toolboxes\Data Management Tools.tbx\CalculateField" Date="20180504" Time="094543">CalculateField LETUSANGUNUNGAPI_AR_50K CLAPI 1 VB #</Process><Process ToolSource="c:\program files (x86)\arcgis\desktop10.1\ArcToolbox\Toolboxes\Data Management Tools.tbx\CalculateField" Date="20180504" Time="095731">CalculateField LETUSANGUNUNGAPI_AR_50K CLAPI 2 VB #</Process><Process ToolSource="c:\program files (x86)\arcgis\desktop10.1\ArcToolbox\Toolboxes\Data Management Tools.tbx\CalculateField" Date="20180504" Time="095913">CalculateField LETUSANGUNUNGAPI_AR_50K CLAPI 3 VB #</Process><Process ToolSource="c:\program files (x86)\arcgis\desktop10.1\ArcToolbox\Toolboxes\Data Management Tools.tbx\CalculateField" Date="20180504" Time="104705">CalculateField LETUSANGUNUNGAPI_AR_50K INDGA_1 1 VB #</Process><Process ToolSource="c:\program files (x86)\arcgis\desktop10.1\ArcToolbox\Toolboxes\Data Management Tools.tbx\CalculateField" Date="20180504" Time="104724">CalculateField LETUSANGUNUNGAPI_AR_50K INDGA_1 2 VB #</Process><Process ToolSource="c:\program files (x86)\arcgis\desktop10.1\ArcToolbox\Toolboxes\Data Management Tools.tbx\CalculateField" Date="20180504" Time="104744">CalculateField LETUSANGUNUNGAPI_AR_50K INDGA_1 3 VB #</Process><Process ToolSource="c:\program files (x86)\arcgis\desktop10.1\ArcToolbox\Toolboxes\Data Management Tools.tbx\CalculateField" Date="20180504" Time="105034">CalculateField LETUSANGUNUNGAPI_AR_50K INDGA 1 VB #</Process><Process ToolSource="c:\program files (x86)\arcgis\desktop10.1\ArcToolbox\Toolboxes\Data Management Tools.tbx\CalculateField" Date="20180504" Time="105123">CalculateField LETUSANGUNUNGAPI_AR_50K INDGA 2 VB #</Process><Process ToolSource="c:\program files (x86)\arcgis\desktop10.1\ArcToolbox\Toolboxes\Data Management Tools.tbx\CalculateField" Date="20180504" Time="105151">CalculateField LETUSANGUNUNGAPI_AR_50K INDGA 3 VB #</Process><Process ToolSource="c:\program files (x86)\arcgis\desktop10.1\ArcToolbox\Toolboxes\Data Management Tools.tbx\CalculateField" Date="20180504" Time="110505">CalculateField LETUSANGUNUNGAPI_AR_50K matga1 1 VB #</Process><Process ToolSource="c:\program files (x86)\arcgis\desktop10.1\ArcToolbox\Toolboxes\Data Management Tools.tbx\CalculateField" Date="20180504" Time="110529">CalculateField LETUSANGUNUNGAPI_AR_50K matga1 4 VB #</Process><Process ToolSource="c:\program files (x86)\arcgis\desktop10.1\ArcToolbox\Toolboxes\Data Management Tools.tbx\CalculateField" Date="20180504" Time="111059">CalculateField LETUSANGUNUNGAPI_AR_50K MATGA 1 VB #</Process><Process ToolSource="c:\program files (x86)\arcgis\desktop10.1\ArcToolbox\Toolboxes\Data Management Tools.tbx\CalculateField" Date="20180504" Time="111130">CalculateField LETUSANGUNUNGAPI_AR_50K MATGA 4 VB #</Process><Process ToolSource="c:\program files (x86)\arcgis\desktop10.1\ArcToolbox\Toolboxes\Data Management Tools.tbx\CalculateField" Date="20180523" Time="160955">CalculateField IGT58_KAWASANRAWANBENCANAGUNUNGAPI_AR METADATA "IGT58_KAWASANRAWANBENCANAGUNUNGAPI_AR" VB #</Process></lineage></DataProperties><SyncDate>20210112</SyncDate><SyncTime>11421000</SyncTime><ModDate>20210112</ModDate><ModTime>11421000</ModTime></Esri><dataIdInfo><envirDesc Sync="TRUE"> Version 6.2 (Build 9200) ; Esri ArcGIS 10.6.1.9270</envirDesc><dataLang><languageCode value="eng" Sync="TRUE"></languageCode><countryCode value="USA" Sync="TRUE"></countryCode></dataLang><idCitation><resTitle Sync="TRUE">GUNTUR</resTitle><presForm><PresFormCd value="005" Sync="TRUE"></PresFormCd></presForm></idCitation><spatRpType><SpatRepTypCd value="001" Sync="TRUE"></SpatRepTypCd></spatRpType></dataIdInfo><mdLang><languageCode value="eng" Sync="TRUE"></languageCode><countryCode value="USA" Sync="TRUE"></countryCode></mdLang><mdChar><CharSetCd value="004" Sync="TRUE"></CharSetCd></mdChar><distInfo><distFormat><formatName Sync="TRUE">Shapefile</formatName></distFormat><distTranOps><transSize Sync="TRUE">0.000</transSize></distTranOps></distInfo><mdHrLv><ScopeCd value="005" Sync="TRUE"></ScopeCd></mdHrLv><mdHrLvName Sync="TRUE">dataset</mdHrLvName><refSysInfo><RefSystem><refSysID><identCode code="4326" Sync="TRUE" value="4326"></identCode><idCodeSpace Sync="TRUE">EPSG</idCodeSpace><idVersion Sync="TRUE">6.14(3.0.1)</idVersion></refSysID></RefSystem></refSysInfo><spatRepInfo><VectSpatRep><geometObjs Name="GUNTUR"><geoObjTyp><GeoObjTypCd value="002" Sync="TRUE"></GeoObjTypCd></geoObjTyp><geoObjCnt Sync="TRUE">0</geoObjCnt></geometObjs><topLvl><TopoLevCd value="001" Sync="TRUE"></TopoLevCd></topLvl></VectSpatRep></spatRepInfo><spdoinfo><ptvctinf><esriterm Name="GUNTUR"><efeatyp Sync="TRUE">Simple</efeatyp><efeageom code="4" Sync="TRUE"></efeageom><esritopo Sync="TRUE">FALSE</esritopo><efeacnt Sync="TRUE">0</efeacnt><spindex Sync="TRUE">FALSE</spindex><linrefer Sync="TRUE">TRUE</linrefer></esriterm></ptvctinf></spdoinfo><eainfo><detailed Name="GUNTUR"><enttyp><enttypl Sync="TRUE">GUNTUR</enttypl><enttypt Sync="TRUE">Feature Class</enttypt><enttypc Sync="TRUE">0</enttypc></enttyp><attr><attrlabl Sync="TRUE">FID</attrlabl><attalias Sync="TRUE">FID</attalias><attrtype Sync="TRUE">OID</attrtype><attwidth Sync="TRUE">4</attwidth><atprecis Sync="TRUE">0</atprecis><attscale Sync="TRUE">0</attscale><attrdef Sync="TRUE">Internal feature number.</attrdef><attrdefs Sync="TRUE">Esri</attrdefs><attrdomv><udom Sync="TRUE">Sequential unique whole numbers that are automatically generated.</udom></attrdomv></attr><attr><attrlabl Sync="TRUE">OBJECTID_1</attrlabl><attalias Sync="TRUE">OBJECTID_1</attalias><attrtype Sync="TRUE">Integer</attrtype><attwidth Sync="TRUE">9</attwidth><atprecis Sync="TRUE">9</atprecis><attscale Sync="TRUE">0</attscale><attrdef Sync="TRUE">Internal feature number.</attrdef><attrdefs Sync="TRUE">Esri</attrdefs><attrdomv><udom Sync="TRUE">Sequential unique whole numbers that are automatically generated.</udom></attrdomv></attr><attr><attrlabl Sync="TRUE">Shape</attrlabl><attalias Sync="TRUE">Shape</attalias><attrtype Sync="TRUE">Geometry</attrtype><attwidth Sync="TRUE">0</attwidth><atprecis Sync="TRUE">0</atprecis><attscale Sync="TRUE">0</attscale><attrdef Sync="TRUE">Feature geometry.</attrdef><attrdefs Sync="TRUE">Esri</attrdefs><attrdomv><udom Sync="TRUE">Coordinates defining the features.</udom></attrdomv></attr><attr><attrlabl Sync="TRUE">NAMOBJ</attrlabl><attalias Sync="TRUE">NAMOBJ</attalias><attrtype Sync="TRUE">String</attrtype><attwidth Sync="TRUE">50</attwidth><atprecis Sync="TRUE">0</atprecis><attscale Sync="TRUE">0</attscale></attr><attr><attrlabl Sync="TRUE">TIM</attrlabl><attalias Sync="TRUE">TIM</attalias><attrtype Sync="TRUE">Date</attrtype><attwidth Sync="TRUE">8</attwidth><atprecis Sync="TRUE">0</atprecis><attscale Sync="TRUE">0</attscale></attr><attr><attrlabl Sync="TRUE">DUR</attrlabl><attalias Sync="TRUE">DUR</attalias><attrtype Sync="TRUE">Integer</attrtype><attwidth Sync="TRUE">9</attwidth><atprecis Sync="TRUE">9</atprecis><attscale Sync="TRUE">0</attscale></attr><attr><attrlabl Sync="TRUE">ERU</attrlabl><attalias Sync="TRUE">ERU</attalias><attrtype Sync="TRUE">SmallInteger</attrtype><attwidth Sync="TRUE">4</attwidth><atprecis Sync="TRUE">4</atprecis><attscale Sync="TRUE">0</attscale></attr><attr><attrlabl Sync="TRUE">LAV</attrlabl><attalias Sync="TRUE">LAV</attalias><attrtype Sync="TRUE">Integer</attrtype><attwidth Sync="TRUE">9</attwidth><atprecis Sync="TRUE">9</atprecis><attscale Sync="TRUE">0</attscale></attr><attr><attrlabl Sync="TRUE">VEI</attrlabl><attalias Sync="TRUE">VEI</attalias><attrtype Sync="TRUE">SmallInteger</attrtype><attwidth Sync="TRUE">4</attwidth><atprecis Sync="TRUE">4</atprecis><attscale Sync="TRUE">0</attscale></attr><attr><attrlabl Sync="TRUE">CLAPI</attrlabl><attalias Sync="TRUE">CLAPI</attalias><attrtype Sync="TRUE">SmallInteger</attrtype><attwidth Sync="TRUE">4</attwidth><atprecis Sync="TRUE">4</atprecis><attscale Sync="TRUE">0</attscale></attr><attr><attrlabl Sync="TRUE">DEPMAG</attrlabl><attalias Sync="TRUE">DEPMAG</attalias><attrtype Sync="TRUE">SmallInteger</attrtype><attwidth Sync="TRUE">4</attwidth><atprecis Sync="TRUE">4</atprecis><attscale Sync="TRUE">0</attscale></attr><attr><attrlabl Sync="TRUE">INDGA</attrlabl><attalias Sync="TRUE">INDGA</attalias><attrtype Sync="TRUE">SmallInteger</attrtype><attwidth Sync="TRUE">4</attwidth><atprecis Sync="TRUE">4</atprecis><attscale Sync="TRUE">0</attscale></attr><attr><attrlabl Sync="TRUE">FCODE</attrlabl><attalias Sync="TRUE">FCODE</attalias><attrtype Sync="TRUE">String</attrtype><attwidth Sync="TRUE">50</attwidth><atprecis Sync="TRUE">0</atprecis><attscale Sync="TRUE">0</attscale></attr><attr><attrlabl Sync="TRUE">KOORDX</attrlabl><attalias Sync="TRUE">KOORDX</attalias><attrtype Sync="TRUE">Double</attrtype><attwidth Sync="TRUE">19</attwidth><atprecis Sync="TRUE">0</atprecis><attscale Sync="TRUE">0</attscale></attr><attr><attrlabl Sync="TRUE">KOORDY</attrlabl><attalias Sync="TRUE">KOORDY</attalias><attrtype Sync="TRUE">Double</attrtype><attwidth Sync="TRUE">19</attwidth><atprecis Sync="TRUE">0</atprecis><attscale Sync="TRUE">0</attscale></attr><attr><attrlabl Sync="TRUE">LCODE</attrlabl><attalias Sync="TRUE">LCODE</attalias><attrtype Sync="TRUE">String</attrtype><attwidth Sync="TRUE">50</attwidth><atprecis Sync="TRUE">0</atprecis><attscale Sync="TRUE">0</attscale></attr><attr><attrlabl Sync="TRUE">METADATA</attrlabl><attalias Sync="TRUE">METADATA</attalias><attrtype Sync="TRUE">String</attrtype><attwidth Sync="TRUE">50</attwidth><atprecis Sync="TRUE">0</atprecis><attscale Sync="TRUE">0</attscale></attr><attr><attrlabl Sync="TRUE">MON</attrlabl><attalias Sync="TRUE">MON</attalias><attrtype Sync="TRUE">SmallInteger</attrtype><attwidth Sync="TRUE">4</attwidth><atprecis Sync="TRUE">4</atprecis><attscale Sync="TRUE">0</attscale></attr><attr><attrlabl Sync="TRUE">SRS_ID</attrlabl><attalias Sync="TRUE">SRS_ID</attalias><attrtype Sync="TRUE">String</attrtype><attwidth Sync="TRUE">50</attwidth><atprecis Sync="TRUE">0</atprecis><attscale Sync="TRUE">0</attscale></attr><attr><attrlabl Sync="TRUE">TEK</attrlabl><attalias Sync="TRUE">TEK</attalias><attrtype Sync="TRUE">SmallInteger</attrtype><attwidth Sync="TRUE">4</attwidth><atprecis Sync="TRUE">4</atprecis><attscale Sync="TRUE">0</attscale></attr><attr><attrlabl Sync="TRUE">VEEA</attrlabl><attalias Sync="TRUE">VEEA</attalias><attrtype Sync="TRUE">Double</attrtype><attwidth Sync="TRUE">19</attwidth><atprecis Sync="TRUE">0</atprecis><attscale Sync="TRUE">0</attscale></attr><attr><attrlabl Sync="TRUE">MATGA</attrlabl><attalias Sync="TRUE">MATGA</attalias><attrtype Sync="TRUE">Integer</attrtype><attwidth Sync="TRUE">9</attwidth><atprecis Sync="TRUE">9</atprecis><attscale Sync="TRUE">0</attscale></attr><attr><attrlabl Sync="TRUE">VIC</attrlabl><attalias Sync="TRUE">VIC</attalias><attrtype Sync="TRUE">SmallInteger</attrtype><attwidth Sync="TRUE">4</attwidth><atprecis Sync="TRUE">4</atprecis><attscale Sync="TRUE">0</attscale></attr><attr><attrlabl Sync="TRUE">REMARK</attrlabl><attalias Sync="TRUE">REMARK</attalias><attrtype Sync="TRUE">String</attrtype><attwidth Sync="TRUE">254</attwidth><atprecis Sync="TRUE">0</atprecis><attscale Sync="TRUE">0</attscale></attr><attr><attrlabl Sync="TRUE">THTERBIT</attrlabl><attalias Sync="TRUE">THTERBIT</attalias><attrtype Sync="TRUE">Integer</attrtype><attwidth Sync="TRUE">9</attwidth><atprecis Sync="TRUE">9</atprecis><attscale Sync="TRUE">0</attscale></attr></detailed></eainfo><mdDateSt Sync="TRUE">20210112</mdDateSt></metadata>
